<?xml version="1.0" encoding="UTF-8"?>
<!--
    JBoss, Home of Professional Open Source
    Copyright 2014, Red Hat, Inc. and/or its affiliates, and individual
    contributors by the @authors tag. See the copyright.txt in the
    distribution for a full listing of individual contributors.

    Licensed under the Apache License, Version 2.0 (the "License");
    you may not use this file except in compliance with the License.
    You may obtain a copy of the License at
    http://www.apache.org/licenses/LICENSE-2.0
    Unless required by applicable law or agreed to in writing, software
    distributed under the License is distributed on an "AS IS" BASIS,
    WITHOUT WARRANTIES OR CONDITIONS OF ANY KIND, either express or implied.
    See the License for the specific language governing permissions and
    limitations under the License.
-->
<!-- Configures the Camel Context-->
<beans xmlns="http://www.springframework.org/schema/beans"
    xmlns:xsi="http://www.w3.org/2001/XMLSchema-instance" xsi:schemaLocation="        http://www.springframework.org/schema/beans http://www.springframework.org/schema/beans/spring-beans.xsd        http://camel.apache.org/schema/spring http://camel.apache.org/schema/spring/camel-spring.xsd">
    <!-- Configure IBM WebSphere MQ connection factory -->
    <bean class="org.apache.camel.component.jms.JmsComponent" id="wmq">
        <property name="connectionFactory">
            <bean class="com.ibm.mq.jms.MQConnectionFactory">
                <property name="transportType" value="1"/>
                <property name="hostName" value="10.0.2.15"/>
                <property name="port" value="1414"/>
                <property name="queueManager" value="QM1"/>
                <property name="channel" value="SYSTEM.DEF.SVRCONN"/>
            </bean>
        </property>
    </bean>
    <camelContext id="_camelContext1" xmlns="http://camel.apache.org/schema/spring">
        <route id="_route1">
            <from id="_to2" uri="wmq:queue:QUEUE1?username=jboss&amp;password=admin123"/>
            <log id="_log2" message="Received ${body}"/>
        </route>
    </camelContext>
</beans>
